INSERT INTO age_category(id, name, slug)
VALUES (1, 'до 1 року', 'do-1-roku'),
       (2, 'від 1 до 3 років', 'vid-1-do-3-rokiv'),
       (3, 'від 6 до 9 років', 'vid-6-do-9-rokiv'),
       (4, 'від 9 до 12 років', 'vid-9-do-12-rokiv');
       
INSERT INTO brand_category(id, name, slug)
VALUES (1, 'DJECO', 'djeco'),
       (2, 'Chicco', 'chicco'),
       (3, 'Fisher-Price', 'fisher-price'),
       (4, 'LOL Surprise', 'lol-surprise'),
       (5, 'Baby Born', 'baby-born');
       
INSERT INTO origin_category(id, name, slug)
VALUES (1, 'Китай', 'china'),
       (2, 'Україна', 'ukraine'),
       (3, 'Німечина', 'germany');

INSERT INTO product(id, name, slug, description, price, available_quantity, origin_id, brand_id)
VALUES (1, 'Лялька Клаймбер і кошеня Сієста', 'lyalka-klaymber-i-koshenya-siyesta',
        'Ця іграшка має інноваційний дизайн та функціонал, який сприяє розвитку різних навичок у дітей. Іграшка створює захоплюючий світ уяви та розвиває логічне мислення та творчі здібності. Ця іграшка є безпечною, енергоефективною та допомагає дітям розвивати спостережливість, увагу та винахідливість, забезпечуючи незабутні враження та навчальний досвід.',
        650, 1, 1, 1),
       (2, 'Лялька Олениця Деніса', 'lyalka-olenytsya-denisa',
        'Ця іграшка має інноваційний дизайн та функціонал, який сприяє розвитку різних навичок у дітей. Іграшка створює захоплюючий світ уяви та розвиває логічне мислення та творчі здібності. Ця іграшка є безпечною, енергоефективною та допомагає дітям розвивати спостережливість, увагу та винахідливість, забезпечуючи незабутні враження та навчальний досвід.',
        850, 200, 2, 1),
       (3, 'Лялька Русалочка Маура', 'lyalka-rusalochka-maura',
        'Ця іграшка має інноваційний дизайн та функціонал, який сприяє розвитку різних навичок у дітей. Іграшка створює захоплюючий світ уяви та розвиває логічне мислення та творчі здібності. Ця іграшка є безпечною, енергоефективною та допомагає дітям розвивати спостережливість, увагу та винахідливість, забезпечуючи незабутні враження та навчальний досвід.',
        350, 150, 3, 1),
       (4, 'Лялька Barbie Color reveal Вечірка', 'lyalka-barbie-color-reveal-vechirka',
        'Ця іграшка має інноваційний дизайн та функціонал, який сприяє розвитку різних навичок у дітей. Іграшка створює захоплюючий світ уяви та розвиває логічне мислення та творчі здібності. Ця іграшка є безпечною, енергоефективною та допомагає дітям розвивати спостережливість, увагу та винахідливість, забезпечуючи незабутні враження та навчальний досвід.',
        899, 4, 1, 2),
       (5, 'Пупс NBB Simba', 'pups-nbb-simba',
        'Ця іграшка має інноваційний дизайн та функціонал, який сприяє розвитку різних навичок у дітей. Іграшка створює захоплюючий світ уяви та розвиває логічне мислення та творчі здібності. Ця іграшка є безпечною, енергоефективною та допомагає дітям розвивати спостережливість, увагу та винахідливість, забезпечуючи незабутні враження та навчальний досвід.',
        1286, 58, 2, 3),
       (6, 'Пупс Чарівна дівчинка', 'pups-charivna-divchynka',
        'Ця іграшка має інноваційний дизайн та функціонал, який сприяє розвитку різних навичок у дітей. Іграшка створює захоплюючий світ уяви та розвиває логічне мислення та творчі здібності. Ця іграшка є безпечною, енергоефективною та допомагає дітям розвивати спостережливість, увагу та винахідливість, забезпечуючи незабутні враження та навчальний досвід.',
        3200, 400, 3, 4),
       (7, 'Конструктор Battat Архітектор', 'konstruktor-battat-arkhitektor',
        'Ця іграшка має інноваційний дизайн та функціонал, який сприяє розвитку різних навичок у дітей. Іграшка створює захоплюючий світ уяви та розвиває логічне мислення та творчі здібності. Ця іграшка є безпечною, енергоефективною та допомагає дітям розвивати спостережливість, увагу та винахідливість, забезпечуючи незабутні враження та навчальний досвід.',
        1199, 40, 2, 5),
       (8, 'Конструктор Mega Bloks Потяг', 'konstruktor-mega-bloks-potyah',
        'Ця іграшка має інноваційний дизайн та функціонал, який сприяє розвитку різних навичок у дітей. Іграшка створює захоплюючий світ уяви та розвиває логічне мислення та творчі здібності. Ця іграшка є безпечною, енергоефективною та допомагає дітям розвивати спостережливість, увагу та винахідливість, забезпечуючи незабутні враження та навчальний досвід.',
        949, 5, 2, 2),
       (9, 'Конструктор Animal', 'konstruktor-animal',
        'Ця іграшка має інноваційний дизайн та функціонал, який сприяє розвитку різних навичок у дітей. Іграшка створює захоплюючий світ уяви та розвиває логічне мислення та творчі здібності. Ця іграшка є безпечною, енергоефективною та допомагає дітям розвивати спостережливість, увагу та винахідливість, забезпечуючи незабутні враження та навчальний досвід.',
        549, 50, 1, 3),
       (10, 'Конструктор Вантажівка', 'konstruktor-vantazivka',
        'Ця іграшка має інноваційний дизайн та функціонал, який сприяє розвитку різних навичок у дітей. Іграшка створює захоплюючий світ уяви та розвиває логічне мислення та творчі здібності. Ця іграшка є безпечною, енергоефективною та допомагає дітям розвивати спостережливість, увагу та винахідливість, забезпечуючи незабутні враження та навчальний досвід.',
        750, 6, 1, 4),
       (11, 'Машинка Cars Тачки 3', 'masynka-cars-tacki-3',
        'Ця іграшка має інноваційний дизайн та функціонал, який сприяє розвитку різних навичок у дітей. Іграшка створює захоплюючий світ уяви та розвиває логічне мислення та творчі здібності. Ця іграшка є безпечною, енергоефективною та допомагає дітям розвивати спостережливість, увагу та винахідливість, забезпечуючи незабутні враження та навчальний досвід.',
        200, 70, 2, 5),
       (12, 'Машинка Pre cool', 'masynka-pre-cool',
        'Ця іграшка має інноваційний дизайн та функціонал, який сприяє розвитку різних навичок у дітей. Іграшка створює захоплюючий світ уяви та розвиває логічне мислення та творчі здібності. Ця іграшка є безпечною, енергоефективною та допомагає дітям розвивати спостережливість, увагу та винахідливість, забезпечуючи незабутні враження та навчальний досвід.',
        1500, 60, 3, 2),
       (13, 'Пожежна машина з драбиною', 'pozezna-masyna-z-drabynou',
        'Ця іграшка має інноваційний дизайн та функціонал, який сприяє розвитку різних навичок у дітей. Іграшка створює захоплюючий світ уяви та розвиває логічне мислення та творчі здібності. Ця іграшка є безпечною, енергоефективною та допомагає дітям розвивати спостережливість, увагу та винахідливість, забезпечуючи незабутні враження та навчальний досвід.',
        500, 55, 1, 3),
       (14, 'Товарний поїзд з ландшафтом', 'tovarnij-poizd-z-landsaftom',
        'Ця іграшка має інноваційний дизайн та функціонал, який сприяє розвитку різних навичок у дітей. Іграшка створює захоплюючий світ уяви та розвиває логічне мислення та творчі здібності. Ця іграшка є безпечною, енергоефективною та допомагає дітям розвивати спостережливість, увагу та винахідливість, забезпечуючи незабутні враження та навчальний досвід.',
        6200, 35, 2, 4),
       (15, 'Монополія Неперевершений електронний банкін', 'monopolia-nepereversenij-elektronnij-bankin',
        'Ця іграшка має інноваційний дизайн та функціонал, який сприяє розвитку різних навичок у дітей. Іграшка створює захоплюючий світ уяви та розвиває логічне мислення та творчі здібності. Ця іграшка є безпечною, енергоефективною та допомагає дітям розвивати спостережливість, увагу та винахідливість, забезпечуючи незабутні враження та навчальний досвід.',
        1999, 45, 3, 5),
       (16, 'Noris Морський бій', 'noris-morskij-bij',
        'Ця іграшка має інноваційний дизайн та функціонал, який сприяє розвитку різних навичок у дітей. Іграшка створює захоплюючий світ уяви та розвиває логічне мислення та творчі здібності. Ця іграшка є безпечною, енергоефективною та допомагає дітям розвивати спостережливість, увагу та винахідливість, забезпечуючи незабутні враження та навчальний досвід.',
        999, 5, 1, 1),
       (17, 'Гра-пазл Протилежності', 'gra-pazl-protileznosti',
        'Ця іграшка має інноваційний дизайн та функціонал, який сприяє розвитку різних навичок у дітей. Іграшка створює захоплюючий світ уяви та розвиває логічне мислення та творчі здібності. Ця іграшка є безпечною, енергоефективною та допомагає дітям розвивати спостережливість, увагу та винахідливість, забезпечуючи незабутні враження та навчальний досвід.',
        350, 6, 2, 2),
       (18, 'Пазл Професії', 'pazl-profesii',
        'Ця іграшка має інноваційний дизайн та функціонал, який сприяє розвитку різних навичок у дітей. Іграшка створює захоплюючий світ уяви та розвиває логічне мислення та творчі здібності. Ця іграшка є безпечною, енергоефективною та допомагає дітям розвивати спостережливість, увагу та винахідливість, забезпечуючи незабутні враження та навчальний досвід.',
        450, 68, 3, 3),
       (19, 'Пазл У дорозі', 'pazl-u-dorozi',
        'Ця іграшка має інноваційний дизайн та функціонал, який сприяє розвитку різних навичок у дітей. Іграшка створює захоплюючий світ уяви та розвиває логічне мислення та творчі здібності. Ця іграшка є безпечною, енергоефективною та допомагає дітям розвивати спостережливість, увагу та винахідливість, забезпечуючи незабутні враження та навчальний досвід.',
        899, 4, 3, 1),
       (20, 'Пазли Цукерки 1000 елементів', 'pazly-cukerky-1000-elementiv',
        'Ця іграшка має інноваційний дизайн та функціонал, який сприяє розвитку різних навичок у дітей. Іграшка створює захоплюючий світ уяви та розвиває логічне мислення та творчі здібності. Ця іграшка є безпечною, енергоефективною та допомагає дітям розвивати спостережливість, увагу та винахідливість, забезпечуючи незабутні враження та навчальний досвід.',
        899, 4, 1, 2),
       (21, 'Бластер іграшковий', 'blaster-igraskovij',
        'Ця іграшка має інноваційний дизайн та функціонал, який сприяє розвитку різних навичок у дітей. Іграшка створює захоплюючий світ уяви та розвиває логічне мислення та творчі здібності. Ця іграшка є безпечною, енергоефективною та допомагає дітям розвивати спостережливість, увагу та винахідливість, забезпечуючи незабутні враження та навчальний досвід.',
        899, 500, 2, 3),
       (22, 'Ігрова електронна мішень', 'igrova-elektronna-misen',
        'Ця іграшка має інноваційний дизайн та функціонал, який сприяє розвитку різних навичок у дітей. Іграшка створює захоплюючий світ уяви та розвиває логічне мислення та творчі здібності. Ця іграшка є безпечною, енергоефективною та допомагає дітям розвивати спостережливість, увагу та винахідливість, забезпечуючи незабутні враження та навчальний досвід.',
        99, 0, 2, 4),
       (23, 'Швидкострільний бластер', 'svydkostrilnij-blaster',
        'Ця іграшка має інноваційний дизайн та функціонал, який сприяє розвитку різних навичок у дітей. Іграшка створює захоплюючий світ уяви та розвиває логічне мислення та творчі здібності. Ця іграшка є безпечною, енергоефективною та допомагає дітям розвивати спостережливість, увагу та винахідливість, забезпечуючи незабутні враження та навчальний досвід.',
        1799, 250, 1, 5),
       (24, 'Робот-собака', 'robot-sobaka',
        'Ця іграшка має інноваційний дизайн та функціонал, який сприяє розвитку різних навичок у дітей. Іграшка створює захоплюючий світ уяви та розвиває логічне мислення та творчі здібності. Ця іграшка є безпечною, енергоефективною та допомагає дітям розвивати спостережливість, увагу та винахідливість, забезпечуючи незабутні враження та навчальний досвід.',
        2999, 55, 3, 1),
       (25, 'Робот-трансформер', 'robot-transformer',
        'Ця іграшка має інноваційний дизайн та функціонал, який сприяє розвитку різних навичок у дітей. Іграшка створює захоплюючий світ уяви та розвиває логічне мислення та творчі здібності. Ця іграшка є безпечною, енергоефективною та допомагає дітям розвивати спостережливість, увагу та винахідливість, забезпечуючи незабутні враження та навчальний досвід.',
        2999, 100, 2, 2),
       (26, 'Ведмідь білий', 'vedmid-bilij',
        'Ця іграшка має інноваційний дизайн та функціонал, який сприяє розвитку різних навичок у дітей. Іграшка створює захоплюючий світ уяви та розвиває логічне мислення та творчі здібності. Ця іграшка є безпечною, енергоефективною та допомагає дітям розвивати спостережливість, увагу та винахідливість, забезпечуючи незабутні враження та навчальний досвід.',
        299, 1, 3, 3),
       (27, 'Панда', 'panda',
        'Ця іграшка має інноваційний дизайн та функціонал, який сприяє розвитку різних навичок у дітей. Іграшка створює захоплюючий світ уяви та розвиває логічне мислення та творчі здібності. Ця іграшка є безпечною, енергоефективною та допомагає дітям розвивати спостережливість, увагу та винахідливість, забезпечуючи незабутні враження та навчальний досвід.',
        86, 1, 3, 4),
       (28, 'Пінгвін', 'pingvin',
        'Ця іграшка має інноваційний дизайн та функціонал, який сприяє розвитку різних навичок у дітей. Іграшка створює захоплюючий світ уяви та розвиває логічне мислення та творчі здібності. Ця іграшка є безпечною, енергоефективною та допомагає дітям розвивати спостережливість, увагу та винахідливість, забезпечуючи незабутні враження та навчальний досвід.',
        86, 25, 3, 5),
       (29, 'Цуценя', 'tsutsenya',
        'Ця іграшка має інноваційний дизайн та функціонал, який сприяє розвитку різних навичок у дітей. Іграшка створює захоплюючий світ уяви та розвиває логічне мислення та творчі здібності. Ця іграшка є безпечною, енергоефективною та допомагає дітям розвивати спостережливість, увагу та винахідливість, забезпечуючи незабутні враження та навчальний досвід.',
        850, 22, 3, 1),
       (30, 'Єдиноріг', 'edynorig',
        'Ця іграшка має інноваційний дизайн та функціонал, який сприяє розвитку різних навичок у дітей. Іграшка створює захоплюючий світ уяви та розвиває логічне мислення та творчі здібності. Ця іграшка є безпечною, енергоефективною та допомагає дітям розвивати спостережливість, увагу та винахідливість, забезпечуючи незабутні враження та навчальний досвід.',
        850, 2, 1, 2);
        
INSERT INTO product_age_category(products_id, age_category_id)
VALUES (1, 3),
       (2, 3),
       (2, 4),
       (3, 3),
       (4, 3),
       (4, 4),
       (5, 3),
       (6, 3),
       (7, 3),
       (8, 3),
       (8, 4),
       (9, 4),
       (10, 3),
       (10, 4),
       (11, 3),
       (12, 4),
       (13, 4),
       (14, 4),
       (15, 3),
       (15, 4),
       (16, 3),
       (16, 4),
       (17, 3),
       (18, 3),
       (18, 4),
       (19, 3),
       (19, 4),
       (20, 4),
       (21, 4),
       (22, 4),
       (23, 4),
       (24, 1),
       (24, 2),
       (25, 2),
       (25, 3),
       (26, 1),
       (26, 2),
       (26, 3),
       (27, 1),
       (27, 2),
       (27, 3),
       (28, 1),
       (28, 2),
       (28, 3),
       (29, 1),
       (29, 2),
       (30, 2),
       (30, 3);

INSERT INTO image(id, name, type, image, product_id)
VALUES (1, 'lyalka-klaymber1.png', 'image/png',0x78DAEB0CF073E7E592E2626060E0F5F4700902D2FC20CCC1022427DE8F3D08A414923D827C1918AAD418181A5A18187E01851A5E3030941A3030BC4A6060B09AC1C0205E306757A00D508229C9DBDD85E17F7BFF99FD401E67814764310303DF2C10666C9F2EEE0614642FF1F475657FCEC5232CC032C5E6ED23A0D05D4F17C71089CBA517367A39254A1CFB78DF72998B028BA0688873F3DA58476F5EDE38A7EF17524B642F3DBA74E3DA251117A7806E9376D5656D01F32EBDCFB690F5D8F4FF57BDFCBCF6E973627D95B7BFF2FAB7E1C1910093C2B4B7DB3D1C8F6ED3F2DA16925EDC7E2DF44D4742646CFCF9AD8E7517BE653D7016709D7F8FC7D642EBD2D699A2A9A92CDAADF3DC3DCF36EE3BFE6479F1B495E933D73DAB992B6CB3F49FFAC6901277174E2116E5C0F3950B8FE7DDB9B9255FF4BD54D4AE28978B575A6DBBCDE64875FEEAFB5CBF4CED44CC4EF36B852F591D058AEE7E539598DD74862576EE9ECFD21DFBBC03F558AFAB003DAA5AE21A51929258926A955C940AA4188C0C8C8C750D0D740D8D420C2DAD0CCDAC0C4CB40D0CAC0C0C8A0ED4DD43D1909B9F929956895B03F3DC6349400D1A700D2599B9A9C52589B905B8F584743CDF0BD42309D2139C9F56529E5894CA505E5EAE9799975D9C9C5890AA975F943EFB9D8D14501183A7AB9FCB3AA7842600F5F5C6F8, 1),
       (2, 'lyalka-klaymber2.png', 'image/png',0x78DAEB0CF073E7E592E2626060E0F5F4700902D2FC20CCC1022427DE8F3D08A414923D827C1918AAD418181A5A18187E01851A5E3030941A3030BC4A6060B09AC1C0205E306757A00D508229C9DBDD85E17F7BFF99FD401E67814764310303DF2C10666C9F2EEE0614642FF1F475657FCEC5232CC032C5E6ED23A0D05D4F17C71089CBA517367A39254A1CFB78DF72998B028BA0688873F3DA58476F5EDE38A7EF17524B642F3DBA74E3DA251117A7806E9376D5656D01F32EBDCFB690F5D8F4FF57BDFCBCF6E973627D95B7BFF2FAB7E1C1910093C2B4B7DB3D1C8F6ED3F2DA16925EDC7E2DF44D4742646CFCF9AD8E7517BE653D7016709D7F8FC7D642EBD2D699A2A9A92CDAADF3DC3DCF36EE3BFE6479F1B495E933D73DAB992B6CB3F49FFAC6901277174E2116E5C0F3950B8FE7DDB9B9255FF4BD54D4AE28978B575A6DBBCDE64875FEEAFB5CBF4CED44CC4EF36B852F591D058AEE7E539598DD74862576EE9ECFD21DFBBC03F558AFAB003DAA5AE21A51929258926A955C940AA4188C0C8C8C750D0D740D8D420C2DAD0CCDAC0C4CB40D0CAC0C0C8A0ED4DD43D1909B9F929956895B03F3DC6349400D1A700D2599B9A9C52589B905B8F584743CDF0BD42309D2139C9F56529E5894CA505E5EAE9799975D9C9C5890AA975F943EFB9D8D14501183A7AB9FCB3AA7842600F5F5C6F8, 1),
       (3, 'lyalka-klaymber3.png', 'image/png',0x78DAEB0CF073E7E592E2626060E0F5F4700902D2FC20CCC1022427DE8F3D08A414923D827C1918AAD418181A5A18187E01851A5E3030941A3030BC4A6060B09AC1C0205E306757A00D508229C9DBDD85E17F7BFF99FD401E67814764310303DF2C10666C9F2EEE0614642FF1F475657FCEC5232CC032C5E6ED23A0D05D4F17C71089CBA517367A39254A1CFB78DF72998B028BA0688873F3DA58476F5EDE38A7EF17524B642F3DBA74E3DA251117A7806E9376D5656D01F32EBDCFB690F5D8F4FF57BDFCBCF6E973627D95B7BFF2FAB7E1C1910093C2B4B7DB3D1C8F6ED3F2DA16925EDC7E2DF44D4742646CFCF9AD8E7517BE653D7016709D7F8FC7D642EBD2D699A2A9A92CDAADF3DC3DCF36EE3BFE6479F1B495E933D73DAB992B6CB3F49FFAC6901277174E2116E5C0F3950B8FE7DDB9B9255FF4BD54D4AE28978B575A6DBBCDE64875FEEAFB5CBF4CED44CC4EF36B852F591D058AEE7E539598DD74862576EE9ECFD21DFBBC03F558AFAB003DAA5AE21A51929258926A955C940AA4188C0C8C8C750D0D740D8D420C2DAD0CCDAC0C4CB40D0CAC0C0C8A0ED4DD43D1909B9F929956895B03F3DC6349400D1A700D2599B9A9C52589B905B8F584743CDF0BD42309D2139C9F56529E5894CA505E5EAE9799975D9C9C5890AA975F943EFB9D8D14501183A7AB9FCB3AA7842600F5F5C6F8, 1),
       (4, 'lyalka-olenytsya.png', 'image/png',0x78DAEB0CF073E7E592E2626060E0F5F4700902D2FC20CCC1022427DE8F3D08A414923D827C1918AAD418181A5A18187E01851A5E3030941A3030BC4A6060B09AC1C0205E306757A00D508229C9DBDD85E17F7BFF99FD401E67814764310303DF2C10666C9F2EEE0614642FF1F475657FCEC5232CC032C5E6ED23A0D05D4F17C71089CBA517367A39254A1CFB78DF72998B028BA0688873F3DA58476F5EDE38A7EF17524B642F3DBA74E3DA251117A7806E9376D5656D01F32EBDCFB690F5D8F4FF57BDFCBCF6E973627D95B7BFF2FAB7E1C1910093C2B4B7DB3D1C8F6ED3F2DA16925EDC7E2DF44D4742646CFCF9AD8E7517BE653D7016709D7F8FC7D642EBD2D699A2A9A92CDAADF3DC3DCF36EE3BFE6479F1B495E933D73DAB992B6CB3F49FFAC6901277174E2116E5C0F3950B8FE7DDB9B9255FF4BD54D4AE28978B575A6DBBCDE64875FEEAFB5CBF4CED44CC4EF36B852F591D058AEE7E539598DD74862576EE9ECFD21DFBBC03F558AFAB003DAA5AE21A51929258926A955C940AA4188C0C8C8C750D0D740D8D420C2DAD0CCDAC0C4CB40D0CAC0C0C8A0ED4DD43D1909B9F929956895B03F3DC6349400D1A700D2599B9A9C52589B905B8F584743CDF0BD42309D2139C9F56529E5894CA505E5EAE9799975D9C9C5890AA975F943EFB9D8D14501183A7AB9FCB3AA7842600F5F5C6F8, 2),
       (5, 'lyalka-rusalochka.png', 'image/png',0x78DAEB0CF073E7E592E2626060E0F5F4700902D2FC20CCC1022427DE8F3D08A414923D827C1918AAD418181A5A18187E01851A5E3030941A3030BC4A6060B09AC1C0205E306757A00D508229C9DBDD85E17F7BFF99FD401E67814764310303DF2C10666C9F2EEE0614642FF1F475657FCEC5232CC032C5E6ED23A0D05D4F17C71089CBA517367A39254A1CFB78DF72998B028BA0688873F3DA58476F5EDE38A7EF17524B642F3DBA74E3DA251117A7806E9376D5656D01F32EBDCFB690F5D8F4FF57BDFCBCF6E973627D95B7BFF2FAB7E1C1910093C2B4B7DB3D1C8F6ED3F2DA16925EDC7E2DF44D4742646CFCF9AD8E7517BE653D7016709D7F8FC7D642EBD2D699A2A9A92CDAADF3DC3DCF36EE3BFE6479F1B495E933D73DAB992B6CB3F49FFAC6901277174E2116E5C0F3950B8FE7DDB9B9255FF4BD54D4AE28978B575A6DBBCDE64875FEEAFB5CBF4CED44CC4EF36B852F591D058AEE7E539598DD74862576EE9ECFD21DFBBC03F558AFAB003DAA5AE21A51929258926A955C940AA4188C0C8C8C750D0D740D8D420C2DAD0CCDAC0C4CB40D0CAC0C0C8A0ED4DD43D1909B9F929956895B03F3DC6349400D1A700D2599B9A9C52589B905B8F584743CDF0BD42309D2139C9F56529E5894CA505E5EAE9799975D9C9C5890AA975F943EFB9D8D14501183A7AB9FCB3AA7842600F5F5C6F8, 3),
       (6, 'lyalka-barbie1.png', 'image/png',0x78DAEB0CF073E7E592E2626060E0F5F4700902D2FC20CCC1022427DE8F3D08A414923D827C1918AAD418181A5A18187E01851A5E3030941A3030BC4A6060B09AC1C0205E306757A00D508229C9DBDD85E17F7BFF99FD401E67814764310303DF2C10666C9F2EEE0614642FF1F475657FCEC5232CC032C5E6ED23A0D05D4F17C71089CBA517367A39254A1CFB78DF72998B028BA0688873F3DA58476F5EDE38A7EF17524B642F3DBA74E3DA251117A7806E9376D5656D01F32EBDCFB690F5D8F4FF57BDFCBCF6E973627D95B7BFF2FAB7E1C1910093C2B4B7DB3D1C8F6ED3F2DA16925EDC7E2DF44D4742646CFCF9AD8E7517BE653D7016709D7F8FC7D642EBD2D699A2A9A92CDAADF3DC3DCF36EE3BFE6479F1B495E933D73DAB992B6CB3F49FFAC6901277174E2116E5C0F3950B8FE7DDB9B9255FF4BD54D4AE28978B575A6DBBCDE64875FEEAFB5CBF4CED44CC4EF36B852F591D058AEE7E539598DD74862576EE9ECFD21DFBBC03F558AFAB003DAA5AE21A51929258926A955C940AA4188C0C8C8C750D0D740D8D420C2DAD0CCDAC0C4CB40D0CAC0C0C8A0ED4DD43D1909B9F929956895B03F3DC6349400D1A700D2599B9A9C52589B905B8F584743CDF0BD42309D2139C9F56529E5894CA505E5EAE9799975D9C9C5890AA975F943EFB9D8D14501183A7AB9FCB3AA7842600F5F5C6F8, 4),
       (7, 'lyalka-barbie2.png', 'image/png',0x78DAEB0CF073E7E592E2626060E0F5F4700902D2FC20CCC1022427DE8F3D08A414923D827C1918AAD418181A5A18187E01851A5E3030941A3030BC4A6060B09AC1C0205E306757A00D508229C9DBDD85E17F7BFF99FD401E67814764310303DF2C10666C9F2EEE0614642FF1F475657FCEC5232CC032C5E6ED23A0D05D4F17C71089CBA517367A39254A1CFB78DF72998B028BA0688873F3DA58476F5EDE38A7EF17524B642F3DBA74E3DA251117A7806E9376D5656D01F32EBDCFB690F5D8F4FF57BDFCBCF6E973627D95B7BFF2FAB7E1C1910093C2B4B7DB3D1C8F6ED3F2DA16925EDC7E2DF44D4742646CFCF9AD8E7517BE653D7016709D7F8FC7D642EBD2D699A2A9A92CDAADF3DC3DCF36EE3BFE6479F1B495E933D73DAB992B6CB3F49FFAC6901277174E2116E5C0F3950B8FE7DDB9B9255FF4BD54D4AE28978B575A6DBBCDE64875FEEAFB5CBF4CED44CC4EF36B852F591D058AEE7E539598DD74862576EE9ECFD21DFBBC03F558AFAB003DAA5AE21A51929258926A955C940AA4188C0C8C8C750D0D740D8D420C2DAD0CCDAC0C4CB40D0CAC0C0C8A0ED4DD43D1909B9F929956895B03F3DC6349400D1A700D2599B9A9C52589B905B8F584743CDF0BD42309D2139C9F56529E5894CA505E5EAE9799975D9C9C5890AA975F943EFB9D8D14501183A7AB9FCB3AA7842600F5F5C6F8, 4),
       (8, 'konstruktor-battat.png', 'image/png',0x78DAEB0CF073E7E592E2626060E0F5F4700902D2FC20CCC1022427DE8F3D08A414923D827C1918AAD418181A5A18187E01851A5E3030941A3030BC4A6060B09AC1C0205E306757A00D508229C9DBDD85E17F7BFF99FD401E67814764310303DF2C10666C9F2EEE0614642FF1F475657FCEC5232CC032C5E6ED23A0D05D4F17C71089CBA517367A39254A1CFB78DF72998B028BA0688873F3DA58476F5EDE38A7EF17524B642F3DBA74E3DA251117A7806E9376D5656D01F32EBDCFB690F5D8F4FF57BDFCBCF6E973627D95B7BFF2FAB7E1C1910093C2B4B7DB3D1C8F6ED3F2DA16925EDC7E2DF44D4742646CFCF9AD8E7517BE653D7016709D7F8FC7D642EBD2D699A2A9A92CDAADF3DC3DCF36EE3BFE6479F1B495E933D73DAB992B6CB3F49FFAC6901277174E2116E5C0F3950B8FE7DDB9B9255FF4BD54D4AE28978B575A6DBBCDE64875FEEAFB5CBF4CED44CC4EF36B852F591D058AEE7E539598DD74862576EE9ECFD21DFBBC03F558AFAB003DAA5AE21A51929258926A955C940AA4188C0C8C8C750D0D740D8D420C2DAD0CCDAC0C4CB40D0CAC0C0C8A0ED4DD43D1909B9F929956895B03F3DC6349400D1A700D2599B9A9C52589B905B8F584743CDF0BD42309D2139C9F56529E5894CA505E5EAE9799975D9C9C5890AA975F943EFB9D8D14501183A7AB9FCB3AA7842600F5F5C6F8, 7),
       (9, 'konstruktor-mega.png', 'image/png',0x78DAEB0CF073E7E592E2626060E0F5F4700902D2FC20CCC1022427DE8F3D08A414923D827C1918AAD418181A5A18187E01851A5E3030941A3030BC4A6060B09AC1C0205E306757A00D508229C9DBDD85E17F7BFF99FD401E67814764310303DF2C10666C9F2EEE0614642FF1F475657FCEC5232CC032C5E6ED23A0D05D4F17C71089CBA517367A39254A1CFB78DF72998B028BA0688873F3DA58476F5EDE38A7EF17524B642F3DBA74E3DA251117A7806E9376D5656D01F32EBDCFB690F5D8F4FF57BDFCBCF6E973627D95B7BFF2FAB7E1C1910093C2B4B7DB3D1C8F6ED3F2DA16925EDC7E2DF44D4742646CFCF9AD8E7517BE653D7016709D7F8FC7D642EBD2D699A2A9A92CDAADF3DC3DCF36EE3BFE6479F1B495E933D73DAB992B6CB3F49FFAC6901277174E2116E5C0F3950B8FE7DDB9B9255FF4BD54D4AE28978B575A6DBBCDE64875FEEAFB5CBF4CED44CC4EF36B852F591D058AEE7E539598DD74862576EE9ECFD21DFBBC03F558AFAB003DAA5AE21A51929258926A955C940AA4188C0C8C8C750D0D740D8D420C2DAD0CCDAC0C4CB40D0CAC0C0C8A0ED4DD43D1909B9F929956895B03F3DC6349400D1A700D2599B9A9C52589B905B8F584743CDF0BD42309D2139C9F56529E5894CA505E5EAE9799975D9C9C5890AA975F943EFB9D8D14501183A7AB9FCB3AA7842600F5F5C6F8, 8),
       (10, 'konstruktor-animal.png', 'image/png',0x78DAEB0CF073E7E592E2626060E0F5F4700902D2FC20CCC1022427DE8F3D08A414923D827C1918AAD418181A5A18187E01851A5E3030941A3030BC4A6060B09AC1C0205E306757A00D508229C9DBDD85E17F7BFF99FD401E67814764310303DF2C10666C9F2EEE0614642FF1F475657FCEC5232CC032C5E6ED23A0D05D4F17C71089CBA517367A39254A1CFB78DF72998B028BA0688873F3DA58476F5EDE38A7EF17524B642F3DBA74E3DA251117A7806E9376D5656D01F32EBDCFB690F5D8F4FF57BDFCBCF6E973627D95B7BFF2FAB7E1C1910093C2B4B7DB3D1C8F6ED3F2DA16925EDC7E2DF44D4742646CFCF9AD8E7517BE653D7016709D7F8FC7D642EBD2D699A2A9A92CDAADF3DC3DCF36EE3BFE6479F1B495E933D73DAB992B6CB3F49FFAC6901277174E2116E5C0F3950B8FE7DDB9B9255FF4BD54D4AE28978B575A6DBBCDE64875FEEAFB5CBF4CED44CC4EF36B852F591D058AEE7E539598DD74862576EE9ECFD21DFBBC03F558AFAB003DAA5AE21A51929258926A955C940AA4188C0C8C8C750D0D740D8D420C2DAD0CCDAC0C4CB40D0CAC0C0C8A0ED4DD43D1909B9F929956895B03F3DC6349400D1A700D2599B9A9C52589B905B8F584743CDF0BD42309D2139C9F56529E5894CA505E5EAE9799975D9C9C5890AA975F943EFB9D8D14501183A7AB9FCB3AA7842600F5F5C6F8, 9),
       (11, 'konstruktor-animal.png', 'image/png', 0x78DAEB0CF073E7E592E2626060E0F5F4700902D2FC20CCC1022427DE8F3D08A414923D827C1918AAD418181A5A18187E01851A5E3030941A3030BC4A6060B09AC1C0205E306757A00D508229C9DBDD85E17F7BFF99FD401E67814764310303DF2C10666C9F2EEE0614642FF1F475657FCEC5232CC032C5E6ED23A0D05D4F17C71089CBA517367A39254A1CFB78DF72998B028BA0688873F3DA58476F5EDE38A7EF17524B642F3DBA74E3DA251117A7806E9376D5656D01F32EBDCFB690F5D8F4FF57BDFCBCF6E973627D95B7BFF2FAB7E1C1910093C2B4B7DB3D1C8F6ED3F2DA16925EDC7E2DF44D4742646CFCF9AD8E7517BE653D7016709D7F8FC7D642EBD2D699A2A9A92CDAADF3DC3DCF36EE3BFE6479F1B495E933D73DAB992B6CB3F49FFAC6901277174E2116E5C0F3950B8FE7DDB9B9255FF4BD54D4AE28978B575A6DBBCDE64875FEEAFB5CBF4CED44CC4EF36B852F591D058AEE7E539598DD74862576EE9ECFD21DFBBC03F558AFAB003DAA5AE21A51929258926A955C940AA4188C0C8C8C750D0D740D8D420C2DAD0CCDAC0C4CB40D0CAC0C0C8A0ED4DD43D1909B9F929956895B03F3DC6349400D1A700D2599B9A9C52589B905B8F584743CDF0BD42309D2139C9F56529E5894CA505E5EAE9799975D9C9C5890AA975F943EFB9D8D14501183A7AB9FCB3AA7842600F5F5C6F8, 9),
       (12, 'masynka-pre-cool.png', 'image/png', 0x78DAEB0CF073E7E592E2626060E0F5F4700902D2FC20CCC1022427DE8F3D08A414923D827C1918AAD418181A5A18187E01851A5E3030941A3030BC4A6060B09AC1C0205E306757A00D508229C9DBDD85E17F7BFF99FD401E67814764310303DF2C10666C9F2EEE0614642FF1F475657FCEC5232CC032C5E6ED23A0D05D4F17C71089CBA517367A39254A1CFB78DF72998B028BA0688873F3DA58476F5EDE38A7EF17524B642F3DBA74E3DA251117A7806E9376D5656D01F32EBDCFB690F5D8F4FF57BDFCBCF6E973627D95B7BFF2FAB7E1C1910093C2B4B7DB3D1C8F6ED3F2DA16925EDC7E2DF44D4742646CFCF9AD8E7517BE653D7016709D7F8FC7D642EBD2D699A2A9A92CDAADF3DC3DCF36EE3BFE6479F1B495E933D73DAB992B6CB3F49FFAC6901277174E2116E5C0F3950B8FE7DDB9B9255FF4BD54D4AE28978B575A6DBBCDE64875FEEAFB5CBF4CED44CC4EF36B852F591D058AEE7E539598DD74862576EE9ECFD21DFBBC03F558AFAB003DAA5AE21A51929258926A955C940AA4188C0C8C8C750D0D740D8D420C2DAD0CCDAC0C4CB40D0CAC0C0C8A0ED4DD43D1909B9F929956895B03F3DC6349400D1A700D2599B9A9C52589B905B8F584743CDF0BD42309D2139C9F56529E5894CA505E5EAE9799975D9C9C5890AA975F943EFB9D8D14501183A7AB9FCB3AA7842600F5F5C6F8, 12),
       (13, 'masynka-pre-cool1.png', 'image/png', 0x78DAEB0CF073E7E592E2626060E0F5F4700902D2FC20CCC1022427DE8F3D08A414923D827C1918AAD418181A5A18187E01851A5E3030941A3030BC4A6060B09AC1C0205E306757A00D508229C9DBDD85E17F7BFF99FD401E67814764310303DF2C10666C9F2EEE0614642FF1F475657FCEC5232CC032C5E6ED23A0D05D4F17C71089CBA517367A39254A1CFB78DF72998B028BA0688873F3DA58476F5EDE38A7EF17524B642F3DBA74E3DA251117A7806E9376D5656D01F32EBDCFB690F5D8F4FF57BDFCBCF6E973627D95B7BFF2FAB7E1C1910093C2B4B7DB3D1C8F6ED3F2DA16925EDC7E2DF44D4742646CFCF9AD8E7517BE653D7016709D7F8FC7D642EBD2D699A2A9A92CDAADF3DC3DCF36EE3BFE6479F1B495E933D73DAB992B6CB3F49FFAC6901277174E2116E5C0F3950B8FE7DDB9B9255FF4BD54D4AE28978B575A6DBBCDE64875FEEAFB5CBF4CED44CC4EF36B852F591D058AEE7E539598DD74862576EE9ECFD21DFBBC03F558AFAB003DAA5AE21A51929258926A955C940AA4188C0C8C8C750D0D740D8D420C2DAD0CCDAC0C4CB40D0CAC0C0C8A0ED4DD43D1909B9F929956895B03F3DC6349400D1A700D2599B9A9C52589B905B8F584743CDF0BD42309D2139C9F56529E5894CA505E5EAE9799975D9C9C5890AA975F943EFB9D8D14501183A7AB9FCB3AA7842600F5F5C6F8, 12),
       (14, 'tovarnij-poizd.png', 'image/png', 0x78DAEB0CF073E7E592E2626060E0F5F4700902D2FC20CCC1022427DE8F3D08A414923D827C1918AAD418181A5A18187E01851A5E3030941A3030BC4A6060B09AC1C0205E306757A00D508229C9DBDD85E17F7BFF99FD401E67814764310303DF2C10666C9F2EEE0614642FF1F475657FCEC5232CC032C5E6ED23A0D05D4F17C71089CBA517367A39254A1CFB78DF72998B028BA0688873F3DA58476F5EDE38A7EF17524B642F3DBA74E3DA251117A7806E9376D5656D01F32EBDCFB690F5D8F4FF57BDFCBCF6E973627D95B7BFF2FAB7E1C1910093C2B4B7DB3D1C8F6ED3F2DA16925EDC7E2DF44D4742646CFCF9AD8E7517BE653D7016709D7F8FC7D642EBD2D699A2A9A92CDAADF3DC3DCF36EE3BFE6479F1B495E933D73DAB992B6CB3F49FFAC6901277174E2116E5C0F3950B8FE7DDB9B9255FF4BD54D4AE28978B575A6DBBCDE64875FEEAFB5CBF4CED44CC4EF36B852F591D058AEE7E539598DD74862576EE9ECFD21DFBBC03F558AFAB003DAA5AE21A51929258926A955C940AA4188C0C8C8C750D0D740D8D420C2DAD0CCDAC0C4CB40D0CAC0C0C8A0ED4DD43D1909B9F929956895B03F3DC6349400D1A700D2599B9A9C52589B905B8F584743CDF0BD42309D2139C9F56529E5894CA505E5EAE9799975D9C9C5890AA975F943EFB9D8D14501183A7AB9FCB3AA7842600F5F5C6F8, 14),
       (15, 'monopolia-nepereversenij.png', 'image/png', 0x78DAEB0CF073E7E592E2626060E0F5F4700902D2FC20CCC1022427DE8F3D08A414923D827C1918AAD418181A5A18187E01851A5E3030941A3030BC4A6060B09AC1C0205E306757A00D508229C9DBDD85E17F7BFF99FD401E67814764310303DF2C10666C9F2EEE0614642FF1F475657FCEC5232CC032C5E6ED23A0D05D4F17C71089CBA517367A39254A1CFB78DF72998B028BA0688873F3DA58476F5EDE38A7EF17524B642F3DBA74E3DA251117A7806E9376D5656D01F32EBDCFB690F5D8F4FF57BDFCBCF6E973627D95B7BFF2FAB7E1C1910093C2B4B7DB3D1C8F6ED3F2DA16925EDC7E2DF44D4742646CFCF9AD8E7517BE653D7016709D7F8FC7D642EBD2D699A2A9A92CDAADF3DC3DCF36EE3BFE6479F1B495E933D73DAB992B6CB3F49FFAC6901277174E2116E5C0F3950B8FE7DDB9B9255FF4BD54D4AE28978B575A6DBBCDE64875FEEAFB5CBF4CED44CC4EF36B852F591D058AEE7E539598DD74862576EE9ECFD21DFBBC03F558AFAB003DAA5AE21A51929258926A955C940AA4188C0C8C8C750D0D740D8D420C2DAD0CCDAC0C4CB40D0CAC0C0C8A0ED4DD43D1909B9F929956895B03F3DC6349400D1A700D2599B9A9C52589B905B8F584743CDF0BD42309D2139C9F56529E5894CA505E5EAE9799975D9C9C5890AA975F943EFB9D8D14501183A7AB9FCB3AA7842600F5F5C6F8, 15),
       (16, 'noris-morskij.png', 'image/png', 0x78DAEB0CF073E7E592E2626060E0F5F4700902D2FC20CCC1022427DE8F3D08A414923D827C1918AAD418181A5A18187E01851A5E3030941A3030BC4A6060B09AC1C0205E306757A00D508229C9DBDD85E17F7BFF99FD401E67814764310303DF2C10666C9F2EEE0614642FF1F475657FCEC5232CC032C5E6ED23A0D05D4F17C71089CBA517367A39254A1CFB78DF72998B028BA0688873F3DA58476F5EDE38A7EF17524B642F3DBA74E3DA251117A7806E9376D5656D01F32EBDCFB690F5D8F4FF57BDFCBCF6E973627D95B7BFF2FAB7E1C1910093C2B4B7DB3D1C8F6ED3F2DA16925EDC7E2DF44D4742646CFCF9AD8E7517BE653D7016709D7F8FC7D642EBD2D699A2A9A92CDAADF3DC3DCF36EE3BFE6479F1B495E933D73DAB992B6CB3F49FFAC6901277174E2116E5C0F3950B8FE7DDB9B9255FF4BD54D4AE28978B575A6DBBCDE64875FEEAFB5CBF4CED44CC4EF36B852F591D058AEE7E539598DD74862576EE9ECFD21DFBBC03F558AFAB003DAA5AE21A51929258926A955C940AA4188C0C8C8C750D0D740D8D420C2DAD0CCDAC0C4CB40D0CAC0C0C8A0ED4DD43D1909B9F929956895B03F3DC6349400D1A700D2599B9A9C52589B905B8F584743CDF0BD42309D2139C9F56529E5894CA505E5EAE9799975D9C9C5890AA975F943EFB9D8D14501183A7AB9FCB3AA7842600F5F5C6F8, 16),
       (17, 'noris-morskij1.png', 'image/png', 0x78DAEB0CF073E7E592E2626060E0F5F4700902D2FC20CCC1022427DE8F3D08A414923D827C1918AAD418181A5A18187E01851A5E3030941A3030BC4A6060B09AC1C0205E306757A00D508229C9DBDD85E17F7BFF99FD401E67814764310303DF2C10666C9F2EEE0614642FF1F475657FCEC5232CC032C5E6ED23A0D05D4F17C71089CBA517367A39254A1CFB78DF72998B028BA0688873F3DA58476F5EDE38A7EF17524B642F3DBA74E3DA251117A7806E9376D5656D01F32EBDCFB690F5D8F4FF57BDFCBCF6E973627D95B7BFF2FAB7E1C1910093C2B4B7DB3D1C8F6ED3F2DA16925EDC7E2DF44D4742646CFCF9AD8E7517BE653D7016709D7F8FC7D642EBD2D699A2A9A92CDAADF3DC3DCF36EE3BFE6479F1B495E933D73DAB992B6CB3F49FFAC6901277174E2116E5C0F3950B8FE7DDB9B9255FF4BD54D4AE28978B575A6DBBCDE64875FEEAFB5CBF4CED44CC4EF36B852F591D058AEE7E539598DD74862576EE9ECFD21DFBBC03F558AFAB003DAA5AE21A51929258926A955C940AA4188C0C8C8C750D0D740D8D420C2DAD0CCDAC0C4CB40D0CAC0C0C8A0ED4DD43D1909B9F929956895B03F3DC6349400D1A700D2599B9A9C52589B905B8F584743CDF0BD42309D2139C9F56529E5894CA505E5EAE9799975D9C9C5890AA975F943EFB9D8D14501183A7AB9FCB3AA7842600F5F5C6F8, 16),
       (18, 'pazl-u-dorozi.png', 'image/png', 0x78DAEB0CF073E7E592E2626060E0F5F4700902D2FC20CCC1022427DE8F3D08A414923D827C1918AAD418181A5A18187E01851A5E3030941A3030BC4A6060B09AC1C0205E306757A00D508229C9DBDD85E17F7BFF99FD401E67814764310303DF2C10666C9F2EEE0614642FF1F475657FCEC5232CC032C5E6ED23A0D05D4F17C71089CBA517367A39254A1CFB78DF72998B028BA0688873F3DA58476F5EDE38A7EF17524B642F3DBA74E3DA251117A7806E9376D5656D01F32EBDCFB690F5D8F4FF57BDFCBCF6E973627D95B7BFF2FAB7E1C1910093C2B4B7DB3D1C8F6ED3F2DA16925EDC7E2DF44D4742646CFCF9AD8E7517BE653D7016709D7F8FC7D642EBD2D699A2A9A92CDAADF3DC3DCF36EE3BFE6479F1B495E933D73DAB992B6CB3F49FFAC6901277174E2116E5C0F3950B8FE7DDB9B9255FF4BD54D4AE28978B575A6DBBCDE64875FEEAFB5CBF4CED44CC4EF36B852F591D058AEE7E539598DD74862576EE9ECFD21DFBBC03F558AFAB003DAA5AE21A51929258926A955C940AA4188C0C8C8C750D0D740D8D420C2DAD0CCDAC0C4CB40D0CAC0C0C8A0ED4DD43D1909B9F929956895B03F3DC6349400D1A700D2599B9A9C52589B905B8F584743CDF0BD42309D2139C9F56529E5894CA505E5EAE9799975D9C9C5890AA975F943EFB9D8D14501183A7AB9FCB3AA7842600F5F5C6F8, 19),
       (19, 'blaster-igraskovij.png', 'image/png', 0x78DAEB0CF073E7E592E2626060E0F5F4700902D2FC20CCC1022427DE8F3D08A414923D827C1918AAD418181A5A18187E01851A5E3030941A3030BC4A6060B09AC1C0205E306757A00D508229C9DBDD85E17F7BFF99FD401E67814764310303DF2C10666C9F2EEE0614642FF1F475657FCEC5232CC032C5E6ED23A0D05D4F17C71089CBA517367A39254A1CFB78DF72998B028BA0688873F3DA58476F5EDE38A7EF17524B642F3DBA74E3DA251117A7806E9376D5656D01F32EBDCFB690F5D8F4FF57BDFCBCF6E973627D95B7BFF2FAB7E1C1910093C2B4B7DB3D1C8F6ED3F2DA16925EDC7E2DF44D4742646CFCF9AD8E7517BE653D7016709D7F8FC7D642EBD2D699A2A9A92CDAADF3DC3DCF36EE3BFE6479F1B495E933D73DAB992B6CB3F49FFAC6901277174E2116E5C0F3950B8FE7DDB9B9255FF4BD54D4AE28978B575A6DBBCDE64875FEEAFB5CBF4CED44CC4EF36B852F591D058AEE7E539598DD74862576EE9ECFD21DFBBC03F558AFAB003DAA5AE21A51929258926A955C940AA4188C0C8C8C750D0D740D8D420C2DAD0CCDAC0C4CB40D0CAC0C0C8A0ED4DD43D1909B9F929956895B03F3DC6349400D1A700D2599B9A9C52589B905B8F584743CDF0BD42309D2139C9F56529E5894CA505E5EAE9799975D9C9C5890AA975F943EFB9D8D14501183A7AB9FCB3AA7842600F5F5C6F8, 21),
       (20, 'bsvydkostrilnij-blaster.png', 'image/png', 0x78DAEB0CF073E7E592E2626060E0F5F4700902D2FC20CCC1022427DE8F3D08A414923D827C1918AAD418181A5A18187E01851A5E3030941A3030BC4A6060B09AC1C0205E306757A00D508229C9DBDD85E17F7BFF99FD401E67814764310303DF2C10666C9F2EEE0614642FF1F475657FCEC5232CC032C5E6ED23A0D05D4F17C71089CBA517367A39254A1CFB78DF72998B028BA0688873F3DA58476F5EDE38A7EF17524B642F3DBA74E3DA251117A7806E9376D5656D01F32EBDCFB690F5D8F4FF57BDFCBCF6E973627D95B7BFF2FAB7E1C1910093C2B4B7DB3D1C8F6ED3F2DA16925EDC7E2DF44D4742646CFCF9AD8E7517BE653D7016709D7F8FC7D642EBD2D699A2A9A92CDAADF3DC3DCF36EE3BFE6479F1B495E933D73DAB992B6CB3F49FFAC6901277174E2116E5C0F3950B8FE7DDB9B9255FF4BD54D4AE28978B575A6DBBCDE64875FEEAFB5CBF4CED44CC4EF36B852F591D058AEE7E539598DD74862576EE9ECFD21DFBBC03F558AFAB003DAA5AE21A51929258926A955C940AA4188C0C8C8C750D0D740D8D420C2DAD0CCDAC0C4CB40D0CAC0C0C8A0ED4DD43D1909B9F929956895B03F3DC6349400D1A700D2599B9A9C52589B905B8F584743CDF0BD42309D2139C9F56529E5894CA505E5EAE9799975D9C9C5890AA975F943EFB9D8D14501183A7AB9FCB3AA7842600F5F5C6F8, 23),
       (21, 'vedmid-bilij.png', 'image/png', 0x78DAEB0CF073E7E592E2626060E0F5F4700902D2FC20CCC1022427DE8F3D08A414923D827C1918AAD418181A5A18187E01851A5E3030941A3030BC4A6060B09AC1C0205E306757A00D508229C9DBDD85E17F7BFF99FD401E67814764310303DF2C10666C9F2EEE0614642FF1F475657FCEC5232CC032C5E6ED23A0D05D4F17C71089CBA517367A39254A1CFB78DF72998B028BA0688873F3DA58476F5EDE38A7EF17524B642F3DBA74E3DA251117A7806E9376D5656D01F32EBDCFB690F5D8F4FF57BDFCBCF6E973627D95B7BFF2FAB7E1C1910093C2B4B7DB3D1C8F6ED3F2DA16925EDC7E2DF44D4742646CFCF9AD8E7517BE653D7016709D7F8FC7D642EBD2D699A2A9A92CDAADF3DC3DCF36EE3BFE6479F1B495E933D73DAB992B6CB3F49FFAC6901277174E2116E5C0F3950B8FE7DDB9B9255FF4BD54D4AE28978B575A6DBBCDE64875FEEAFB5CBF4CED44CC4EF36B852F591D058AEE7E539598DD74862576EE9ECFD21DFBBC03F558AFAB003DAA5AE21A51929258926A955C940AA4188C0C8C8C750D0D740D8D420C2DAD0CCDAC0C4CB40D0CAC0C0C8A0ED4DD43D1909B9F929956895B03F3DC6349400D1A700D2599B9A9C52589B905B8F584743CDF0BD42309D2139C9F56529E5894CA505E5EAE9799975D9C9C5890AA975F943EFB9D8D14501183A7AB9FCB3AA7842600F5F5C6F8, 26),
       (22, 'vedmid-bilij1.png', 'image/png', 0x78DAEB0CF073E7E592E2626060E0F5F4700902D2FC20CCC1022427DE8F3D08A414923D827C1918AAD418181A5A18187E01851A5E3030941A3030BC4A6060B09AC1C0205E306757A00D508229C9DBDD85E17F7BFF99FD401E67814764310303DF2C10666C9F2EEE0614642FF1F475657FCEC5232CC032C5E6ED23A0D05D4F17C71089CBA517367A39254A1CFB78DF72998B028BA0688873F3DA58476F5EDE38A7EF17524B642F3DBA74E3DA251117A7806E9376D5656D01F32EBDCFB690F5D8F4FF57BDFCBCF6E973627D95B7BFF2FAB7E1C1910093C2B4B7DB3D1C8F6ED3F2DA16925EDC7E2DF44D4742646CFCF9AD8E7517BE653D7016709D7F8FC7D642EBD2D699A2A9A92CDAADF3DC3DCF36EE3BFE6479F1B495E933D73DAB992B6CB3F49FFAC6901277174E2116E5C0F3950B8FE7DDB9B9255FF4BD54D4AE28978B575A6DBBCDE64875FEEAFB5CBF4CED44CC4EF36B852F591D058AEE7E539598DD74862576EE9ECFD21DFBBC03F558AFAB003DAA5AE21A51929258926A955C940AA4188C0C8C8C750D0D740D8D420C2DAD0CCDAC0C4CB40D0CAC0C0C8A0ED4DD43D1909B9F929956895B03F3DC6349400D1A700D2599B9A9C52589B905B8F584743CDF0BD42309D2139C9F56529E5894CA505E5EAE9799975D9C9C5890AA975F943EFB9D8D14501183A7AB9FCB3AA7842600F5F5C6F8, 26),
       (23, 'vedmid-bilij2.png', 'image/png', 0x78DAEB0CF073E7E592E2626060E0F5F4700902D2FC20CCC1022427DE8F3D08A414923D827C1918AAD418181A5A18187E01851A5E3030941A3030BC4A6060B09AC1C0205E306757A00D508229C9DBDD85E17F7BFF99FD401E67814764310303DF2C10666C9F2EEE0614642FF1F475657FCEC5232CC032C5E6ED23A0D05D4F17C71089CBA517367A39254A1CFB78DF72998B028BA0688873F3DA58476F5EDE38A7EF17524B642F3DBA74E3DA251117A7806E9376D5656D01F32EBDCFB690F5D8F4FF57BDFCBCF6E973627D95B7BFF2FAB7E1C1910093C2B4B7DB3D1C8F6ED3F2DA16925EDC7E2DF44D4742646CFCF9AD8E7517BE653D7016709D7F8FC7D642EBD2D699A2A9A92CDAADF3DC3DCF36EE3BFE6479F1B495E933D73DAB992B6CB3F49FFAC6901277174E2116E5C0F3950B8FE7DDB9B9255FF4BD54D4AE28978B575A6DBBCDE64875FEEAFB5CBF4CED44CC4EF36B852F591D058AEE7E539598DD74862576EE9ECFD21DFBBC03F558AFAB003DAA5AE21A51929258926A955C940AA4188C0C8C8C750D0D740D8D420C2DAD0CCDAC0C4CB40D0CAC0C0C8A0ED4DD43D1909B9F929956895B03F3DC6349400D1A700D2599B9A9C52589B905B8F584743CDF0BD42309D2139C9F56529E5894CA505E5EAE9799975D9C9C5890AA975F943EFB9D8D14501183A7AB9FCB3AA7842600F5F5C6F8, 26),
       (24, 'pingvin.png', 'image/png', 0x78DAEB0CF073E7E592E2626060E0F5F4700902D2FC20CCC1022427DE8F3D08A414923D827C1918AAD418181A5A18187E01851A5E3030941A3030BC4A6060B09AC1C0205E306757A00D508229C9DBDD85E17F7BFF99FD401E67814764310303DF2C10666C9F2EEE0614642FF1F475657FCEC5232CC032C5E6ED23A0D05D4F17C71089CBA517367A39254A1CFB78DF72998B028BA0688873F3DA58476F5EDE38A7EF17524B642F3DBA74E3DA251117A7806E9376D5656D01F32EBDCFB690F5D8F4FF57BDFCBCF6E973627D95B7BFF2FAB7E1C1910093C2B4B7DB3D1C8F6ED3F2DA16925EDC7E2DF44D4742646CFCF9AD8E7517BE653D7016709D7F8FC7D642EBD2D699A2A9A92CDAADF3DC3DCF36EE3BFE6479F1B495E933D73DAB992B6CB3F49FFAC6901277174E2116E5C0F3950B8FE7DDB9B9255FF4BD54D4AE28978B575A6DBBCDE64875FEEAFB5CBF4CED44CC4EF36B852F591D058AEE7E539598DD74862576EE9ECFD21DFBBC03F558AFAB003DAA5AE21A51929258926A955C940AA4188C0C8C8C750D0D740D8D420C2DAD0CCDAC0C4CB40D0CAC0C0C8A0ED4DD43D1909B9F929956895B03F3DC6349400D1A700D2599B9A9C52589B905B8F584743CDF0BD42309D2139C9F56529E5894CA505E5EAE9799975D9C9C5890AA975F943EFB9D8D14501183A7AB9FCB3AA7842600F5F5C6F8, 28),
       (25, 'edynorig.png', 'image/png', 0x78DAEB0CF073E7E592E2626060E0F5F4700902D2FC20CCC1022427DE8F3D08A414923D827C1918AAD418181A5A18187E01851A5E3030941A3030BC4A6060B09AC1C0205E306757A00D508229C9DBDD85E17F7BFF99FD401E67814764310303DF2C10666C9F2EEE0614642FF1F475657FCEC5232CC032C5E6ED23A0D05D4F17C71089CBA517367A39254A1CFB78DF72998B028BA0688873F3DA58476F5EDE38A7EF17524B642F3DBA74E3DA251117A7806E9376D5656D01F32EBDCFB690F5D8F4FF57BDFCBCF6E973627D95B7BFF2FAB7E1C1910093C2B4B7DB3D1C8F6ED3F2DA16925EDC7E2DF44D4742646CFCF9AD8E7517BE653D7016709D7F8FC7D642EBD2D699A2A9A92CDAADF3DC3DCF36EE3BFE6479F1B495E933D73DAB992B6CB3F49FFAC6901277174E2116E5C0F3950B8FE7DDB9B9255FF4BD54D4AE28978B575A6DBBCDE64875FEEAFB5CBF4CED44CC4EF36B852F591D058AEE7E539598DD74862576EE9ECFD21DFBBC03F558AFAB003DAA5AE21A51929258926A955C940AA4188C0C8C8C750D0D740D8D420C2DAD0CCDAC0C4CB40D0CAC0C0C8A0ED4DD43D1909B9F929956895B03F3DC6349400D1A700D2599B9A9C52589B905B8F584743CDF0BD42309D2139C9F56529E5894CA505E5EAE9799975D9C9C5890AA975F943EFB9D8D14501183A7AB9FCB3AA7842600F5F5C6F8, 30);

UPDATE product
SET image_id =
        CASE
            WHEN id = 1 THEN 1
            WHEN id = 2 THEN 4
            WHEN id = 3 THEN 5
            WHEN id = 4 THEN 6
            WHEN id = 7 THEN 8
            WHEN id = 8 THEN 9
            WHEN id = 9 THEN 10
            WHEN id = 12 THEN 12
            WHEN id = 14 THEN 14
            WHEN id = 15 THEN 15
            WHEN id = 16 THEN 16
            WHEN id = 19 THEN 18
            WHEN id = 21 THEN 19
            WHEN id = 23 THEN 21
            WHEN id = 26 THEN 22
            WHEN id = 28 THEN 24
            WHEN id = 30 THEN 25
            END;

INSERT INTO app_user (id, firstname, lastname, email, password, role, locked, enabled)
VALUES (1000, 'John', 'Doe', 'john.doe@example.com', '$2a$10$bITm.1PZYpJXip2RijlP3OfTWiE0NRK0.BhgJAf2ivnZFfSKnSQuW',
        'ROLE_USER', false, true);